timestamp,evento,consulta,latencia_segundos
2026-05-31 20:54:47,MISS,q2:zona_id=Z4&confidence_min=0.7,0.0517
2026-05-31 20:54:48,MISS,q5:zona_id=Z5&bins=5,0.0158
2026-05-31 20:54:48,MISS,q3:zona_id=Z5,0.0157
2026-05-31 20:54:49,HIT,q3:zona_id=Z5,0.0008
2026-05-31 20:54:49,MISS,q1:zona_id=Z2&confidence_min=0.6,0.0215
2026-05-31 20:54:49,MISS,q3:zona_id=Z1,0.0160
2026-05-31 20:54:49,MISS,q3:zona_id=Z3,0.0119
2026-05-31 20:54:49,MISS,q4:zona_a=Z2&zona_b=Z1,0.0143
2026-05-31 20:54:49,HIT,q2:zona_id=Z4&confidence_min=0.7,0.0005
2026-05-31 20:54:49,MISS,q2:zona_id=Z2&confidence_min=0.7,0.0144
2026-05-31 20:54:49,MISS,q4:zona_a=Z5&zona_b=Z1,0.0183
2026-05-31 20:54:50,MISS,q5:zona_id=Z2&bins=5,0.0219
2026-05-31 20:54:50,MISS,q2:zona_id=Z5&confidence_min=0.7,0.0201
2026-05-31 20:54:50,MISS,q2:zona_id=Z3&confidence_min=0.7,0.0251
2026-05-31 20:54:50,MISS,q5:zona_id=Z4&bins=5,0.0229
2026-05-31 20:54:50,HIT,q5:zona_id=Z4&bins=5,0.0006
2026-05-31 20:54:50,MISS,q3:zona_id=Z2,0.0184
2026-05-31 20:54:51,MISS,q4:zona_a=Z3&zona_b=Z1,0.0391
2026-05-31 20:54:52,MISS,q1:zona_id=Z1&confidence_min=0.6,0.0221
2026-05-31 20:54:53,HIT,q1:zona_id=Z1&confidence_min=0.6,0.0006
2026-05-31 20:54:53,HIT,q2:zona_id=Z4&confidence_min=0.7,0.0006
2026-05-31 20:54:53,MISS,q5:zona_id=Z3&bins=5,0.0499
2026-05-31 20:54:53,HIT,q3:zona_id=Z3,0.0007
2026-05-31 20:54:53,MISS,q4:zona_a=Z4&zona_b=Z1,0.0252
2026-05-31 20:54:56,HIT,q2:zona_id=Z5&confidence_min=0.7,0.0004
2026-05-31 20:54:57,MISS,q5:zona_id=Z1&bins=5,0.0144
2026-05-31 20:54:57,MISS,q1:zona_id=Z4&confidence_min=0.6,0.0162
2026-05-31 20:54:57,MISS,q3:zona_id=Z4,0.0104
2026-05-31 20:54:57,HIT,q5:zona_id=Z2&bins=5,0.0005
2026-05-31 20:54:57,HIT,q5:zona_id=Z5&bins=5,0.0006
2026-05-31 20:54:57,HIT,q5:zona_id=Z3&bins=5,0.0009
2026-05-31 20:54:57,HIT,q2:zona_id=Z5&confidence_min=0.7,0.0006
2026-05-31 20:54:57,MISS,q4:zona_a=Z1&zona_b=Z1,0.0257
2026-05-31 20:54:57,HIT,q5:zona_id=Z4&bins=5,0.0006
2026-05-31 20:54:57,HIT,q3:zona_id=Z4,0.0007
2026-05-31 20:54:57,HIT,q3:zona_id=Z1,0.0011
2026-05-31 20:54:57,HIT,q1:zona_id=Z4&confidence_min=0.6,0.0011
2026-05-31 20:54:57,MISS,q1:zona_id=Z5&confidence_min=0.6,0.0129
2026-05-31 20:54:58,HIT,q2:zona_id=Z5&confidence_min=0.7,0.0005
2026-05-31 20:54:58,HIT,q3:zona_id=Z5,0.0005
2026-05-31 20:54:58,HIT,q1:zona_id=Z2&confidence_min=0.6,0.0006
2026-05-31 20:54:58,HIT,q5:zona_id=Z2&bins=5,0.0005
2026-05-31 20:54:58,HIT,q3:zona_id=Z3,0.0004
2026-05-31 20:54:58,HIT,q3:zona_id=Z4,0.0006
2026-05-31 20:54:58,MISS,q2:zona_id=Z1&confidence_min=0.7,0.0109
2026-05-31 20:54:58,HIT,q3:zona_id=Z4,0.0005
2026-05-31 20:54:58,HIT,q3:zona_id=Z1,0.0007
2026-05-31 20:54:59,HIT,q5:zona_id=Z3&bins=5,0.0005
2026-05-31 20:55:00,HIT,q3:zona_id=Z3,0.0004
2026-05-31 20:55:00,HIT,q3:zona_id=Z2,0.0008
2026-05-31 20:55:00,HIT,q5:zona_id=Z1&bins=5,0.0005
2026-05-31 20:55:02,HIT,q2:zona_id=Z2&confidence_min=0.7,0.0005
2026-05-31 20:55:02,HIT,q4:zona_a=Z3&zona_b=Z1,0.0026
2026-05-31 20:55:02,HIT,q2:zona_id=Z3&confidence_min=0.7,0.0006
2026-05-31 20:55:02,HIT,q5:zona_id=Z4&bins=5,0.0021
2026-05-31 20:55:02,HIT,q5:zona_id=Z1&bins=5,0.0006
2026-05-31 20:55:02,HIT,q5:zona_id=Z5&bins=5,0.0006
2026-05-31 20:55:03,HIT,q4:zona_a=Z1&zona_b=Z1,0.0005
2026-05-31 20:55:03,MISS,q1:zona_id=Z3&confidence_min=0.6,0.0119
2026-05-31 20:55:03,HIT,q2:zona_id=Z4&confidence_min=0.7,0.0010
2026-05-31 20:55:03,HIT,q3:zona_id=Z3,0.0005
2026-05-31 20:55:03,HIT,q1:zona_id=Z4&confidence_min=0.6,0.0005
2026-05-31 20:55:04,HIT,q4:zona_a=Z4&zona_b=Z1,0.0005
2026-05-31 20:55:05,HIT,q2:zona_id=Z3&confidence_min=0.7,0.0005
2026-05-31 20:55:07,HIT,q5:zona_id=Z3&bins=5,0.0004
2026-05-31 20:55:07,HIT,q3:zona_id=Z4,0.0012
2026-05-31 20:55:07,HIT,q5:zona_id=Z1&bins=5,0.0005
2026-05-31 20:55:07,HIT,q4:zona_a=Z1&zona_b=Z1,0.0004
2026-05-31 20:55:07,HIT,q4:zona_a=Z2&zona_b=Z1,0.0006
2026-05-31 20:55:07,HIT,q4:zona_a=Z3&zona_b=Z1,0.0005
2026-05-31 20:55:07,HIT,q1:zona_id=Z4&confidence_min=0.6,0.0005
2026-05-31 20:55:07,HIT,q2:zona_id=Z3&confidence_min=0.7,0.0005
2026-05-31 20:55:07,HIT,q3:zona_id=Z1,0.0006
2026-05-31 20:55:07,HIT,q1:zona_id=Z1&confidence_min=0.6,0.0009
2026-05-31 20:55:07,HIT,q1:zona_id=Z4&confidence_min=0.6,0.0007
2026-05-31 20:55:07,HIT,q1:zona_id=Z3&confidence_min=0.6,0.0005
2026-05-31 20:55:08,HIT,q2:zona_id=Z2&confidence_min=0.7,0.0008
2026-05-31 20:55:11,HIT,q1:zona_id=Z1&confidence_min=0.6,0.0004
2026-05-31 20:55:11,HIT,q1:zona_id=Z1&confidence_min=0.6,0.0013
2026-05-31 20:55:11,HIT,q1:zona_id=Z2&confidence_min=0.6,0.0006
2026-05-31 20:55:13,HIT,q1:zona_id=Z1&confidence_min=0.6,0.0006
2026-05-31 20:55:13,HIT,q4:zona_a=Z1&zona_b=Z1,0.0004
2026-05-31 20:55:13,HIT,q1:zona_id=Z1&confidence_min=0.6,0.0007
2026-05-31 20:55:13,HIT,q1:zona_id=Z1&confidence_min=0.6,0.0005
2026-05-31 20:55:16,HIT,q1:zona_id=Z1&confidence_min=0.6,0.0013
2026-05-31 20:55:16,HIT,q1:zona_id=Z1&confidence_min=0.6,0.0007
2026-05-31 20:55:16,HIT,q1:zona_id=Z4&confidence_min=0.6,0.0012
2026-05-31 20:55:17,HIT,q1:zona_id=Z1&confidence_min=0.6,0.0004
2026-05-31 20:55:17,HIT,q1:zona_id=Z3&confidence_min=0.6,0.0004
2026-05-31 20:55:17,HIT,q5:zona_id=Z2&bins=5,0.0005
2026-05-31 20:55:17,HIT,q1:zona_id=Z1&confidence_min=0.6,0.0004
2026-05-31 20:55:17,HIT,q5:zona_id=Z2&bins=5,0.0008
2026-05-31 20:55:18,HIT,q1:zona_id=Z1&confidence_min=0.6,0.0005
2026-05-31 20:55:18,HIT,q4:zona_a=Z2&zona_b=Z1,0.0007
2026-05-31 20:55:18,HIT,q4:zona_a=Z1&zona_b=Z1,0.0006
2026-05-31 20:55:18,HIT,q3:zona_id=Z1,0.0005
2026-05-31 20:55:18,HIT,q1:zona_id=Z1&confidence_min=0.6,0.0008
2026-05-31 20:55:18,HIT,q3:zona_id=Z1,0.0006
2026-05-31 20:55:18,HIT,q1:zona_id=Z1&confidence_min=0.6,0.0006
2026-05-31 20:55:18,HIT,q3:zona_id=Z4,0.0018
2026-05-31 20:55:18,HIT,q3:zona_id=Z5,0.0006
2026-05-31 20:55:18,HIT,q2:zona_id=Z4&confidence_min=0.7,0.0018
2026-05-31 20:55:19,HIT,q3:zona_id=Z1,0.0004
2026-05-31 20:55:19,HIT,q2:zona_id=Z1&confidence_min=0.7,0.0008
2026-05-31 20:55:19,HIT,q1:zona_id=Z1&confidence_min=0.6,0.0009
2026-05-31 20:55:20,HIT,q1:zona_id=Z1&confidence_min=0.6,0.0004
2026-05-31 20:55:20,HIT,q4:zona_a=Z1&zona_b=Z1,0.0005
2026-05-31 20:55:20,HIT,q1:zona_id=Z1&confidence_min=0.6,0.0005
2026-05-31 20:55:20,HIT,q1:zona_id=Z1&confidence_min=0.6,0.0011
2026-05-31 20:55:20,HIT,q1:zona_id=Z1&confidence_min=0.6,0.0007
2026-05-31 20:55:20,HIT,q1:zona_id=Z1&confidence_min=0.6,0.0006
2026-05-31 20:55:20,HIT,q1:zona_id=Z4&confidence_min=0.6,0.0031
2026-05-31 20:55:20,HIT,q4:zona_a=Z1&zona_b=Z1,0.0009
2026-05-31 20:55:20,HIT,q1:zona_id=Z1&confidence_min=0.6,0.0007
2026-05-31 20:55:20,HIT,q1:zona_id=Z1&confidence_min=0.6,0.0016
2026-05-31 20:55:20,HIT,q1:zona_id=Z1&confidence_min=0.6,0.0005
2026-05-31 20:55:20,HIT,q3:zona_id=Z2,0.0009
2026-05-31 20:55:20,HIT,q3:zona_id=Z2,0.0007
2026-05-31 20:55:20,HIT,q2:zona_id=Z2&confidence_min=0.7,0.0008
2026-05-31 20:55:20,HIT,q1:zona_id=Z1&confidence_min=0.6,0.0005
2026-05-31 20:55:23,HIT,q4:zona_a=Z1&zona_b=Z1,0.0004
2026-05-31 20:55:23,HIT,q1:zona_id=Z1&confidence_min=0.6,0.0005
2026-05-31 20:55:23,HIT,q5:zona_id=Z5&bins=5,0.0004
2026-05-31 20:55:23,HIT,q5:zona_id=Z1&bins=5,0.0006
2026-05-31 20:55:23,HIT,q1:zona_id=Z1&confidence_min=0.6,0.0006
2026-05-31 20:55:23,HIT,q1:zona_id=Z5&confidence_min=0.6,0.0008
2026-05-31 20:55:23,HIT,q1:zona_id=Z1&confidence_min=0.6,0.0010
2026-05-31 20:55:24,HIT,q4:zona_a=Z1&zona_b=Z1,0.0006
2026-05-31 20:55:24,HIT,q1:zona_id=Z1&confidence_min=0.6,0.0004
2026-05-31 20:55:24,HIT,q1:zona_id=Z1&confidence_min=0.6,0.0006
2026-05-31 20:55:25,HIT,q4:zona_a=Z1&zona_b=Z1,0.0004
2026-05-31 20:55:25,HIT,q5:zona_id=Z5&bins=5,0.0005
2026-05-31 20:55:25,HIT,q1:zona_id=Z1&confidence_min=0.6,0.0004
2026-05-31 20:55:25,HIT,q1:zona_id=Z3&confidence_min=0.6,0.0004
2026-05-31 20:55:25,HIT,q4:zona_a=Z1&zona_b=Z1,0.0004
2026-05-31 20:55:25,HIT,q4:zona_a=Z1&zona_b=Z1,0.0007
2026-05-31 20:55:25,HIT,q4:zona_a=Z1&zona_b=Z1,0.0005
2026-05-31 20:55:26,HIT,q2:zona_id=Z1&confidence_min=0.7,0.0007
2026-05-31 20:55:26,HIT,q4:zona_a=Z3&zona_b=Z1,0.0007
2026-05-31 20:55:27,HIT,q1:zona_id=Z1&confidence_min=0.6,0.0005
2026-05-31 20:55:27,HIT,q2:zona_id=Z1&confidence_min=0.7,0.0009
2026-05-31 20:55:29,HIT,q2:zona_id=Z3&confidence_min=0.7,0.0005
2026-05-31 20:55:29,HIT,q1:zona_id=Z1&confidence_min=0.6,0.0009
2026-05-31 20:55:29,HIT,q3:zona_id=Z1,0.0005
2026-05-31 20:55:29,HIT,q2:zona_id=Z1&confidence_min=0.7,0.0005
2026-05-31 20:55:29,HIT,q4:zona_a=Z1&zona_b=Z1,0.0010
2026-05-31 20:55:29,HIT,q5:zona_id=Z2&bins=5,0.0008
2026-05-31 20:55:29,HIT,q5:zona_id=Z1&bins=5,0.0005
2026-05-31 20:55:29,HIT,q3:zona_id=Z1,0.0014
2026-05-31 20:55:29,HIT,q2:zona_id=Z1&confidence_min=0.7,0.0006
2026-05-31 20:55:29,HIT,q1:zona_id=Z1&confidence_min=0.6,0.0007
2026-05-31 20:55:30,HIT,q5:zona_id=Z4&bins=5,0.0010
2026-05-31 20:55:30,HIT,q4:zona_a=Z1&zona_b=Z1,0.0008
2026-05-31 20:55:30,HIT,q1:zona_id=Z1&confidence_min=0.6,0.0006
2026-05-31 20:55:30,HIT,q2:zona_id=Z1&confidence_min=0.7,0.0011
2026-05-31 20:55:30,HIT,q5:zona_id=Z1&bins=5,0.0006
2026-05-31 20:55:30,HIT,q3:zona_id=Z1,0.0005
2026-05-31 20:55:31,HIT,q4:zona_a=Z5&zona_b=Z1,0.0006
2026-05-31 20:55:31,HIT,q4:zona_a=Z2&zona_b=Z1,0.0016
2026-05-31 20:55:31,HIT,q4:zona_a=Z2&zona_b=Z1,0.0008
2026-05-31 20:55:32,HIT,q2:zona_id=Z5&confidence_min=0.7,0.0005
2026-05-31 20:55:32,HIT,q5:zona_id=Z3&bins=5,0.0007
2026-05-31 20:55:32,HIT,q2:zona_id=Z5&confidence_min=0.7,0.0010
2026-05-31 20:55:33,HIT,q2:zona_id=Z3&confidence_min=0.7,0.0004
2026-05-31 20:55:33,HIT,q1:zona_id=Z5&confidence_min=0.6,0.0005
2026-05-31 20:55:33,HIT,q1:zona_id=Z3&confidence_min=0.6,0.0019
2026-05-31 20:55:33,HIT,q1:zona_id=Z1&confidence_min=0.6,0.0004
2026-05-31 20:55:33,HIT,q4:zona_a=Z3&zona_b=Z1,0.0004
2026-05-31 20:55:33,HIT,q5:zona_id=Z5&bins=5,0.0005
2026-05-31 20:55:33,HIT,q3:zona_id=Z5,0.0006
2026-05-31 20:55:34,HIT,q3:zona_id=Z5,0.0005
2026-05-31 20:55:35,HIT,q5:zona_id=Z5&bins=5,0.0008
2026-05-31 20:55:36,HIT,q4:zona_a=Z2&zona_b=Z1,0.0005
2026-05-31 20:55:36,HIT,q2:zona_id=Z1&confidence_min=0.7,0.0009
2026-05-31 20:55:36,HIT,q3:zona_id=Z3,0.0004
2026-05-31 20:55:36,HIT,q4:zona_a=Z2&zona_b=Z1,0.0013
2026-05-31 20:55:36,HIT,q5:zona_id=Z5&bins=5,0.0010
2026-05-31 20:55:36,HIT,q4:zona_a=Z5&zona_b=Z1,0.0006
2026-05-31 20:55:36,HIT,q5:zona_id=Z1&bins=5,0.0014
2026-05-31 20:55:37,HIT,q3:zona_id=Z3,0.0006
2026-05-31 20:55:37,HIT,q5:zona_id=Z2&bins=5,0.0005
2026-05-31 20:55:37,HIT,q3:zona_id=Z4,0.0005
2026-05-31 20:55:37,HIT,q5:zona_id=Z5&bins=5,0.0006
2026-05-31 20:55:37,HIT,q1:zona_id=Z4&confidence_min=0.6,0.0027
2026-05-31 20:55:37,HIT,q3:zona_id=Z4,0.0005
2026-05-31 20:55:37,HIT,q1:zona_id=Z1&confidence_min=0.6,0.0007
2026-05-31 20:55:37,HIT,q2:zona_id=Z3&confidence_min=0.7,0.0006
2026-05-31 20:55:38,HIT,q2:zona_id=Z5&confidence_min=0.7,0.0005
2026-05-31 20:55:38,HIT,q5:zona_id=Z5&bins=5,0.0006
2026-05-31 20:55:38,HIT,q1:zona_id=Z4&confidence_min=0.6,0.0005
2026-05-31 20:55:38,HIT,q4:zona_a=Z1&zona_b=Z1,0.0005
2026-05-31 20:55:38,HIT,q2:zona_id=Z3&confidence_min=0.7,0.0008
2026-05-31 20:55:40,HIT,q4:zona_a=Z3&zona_b=Z1,0.0004
2026-05-31 20:55:41,HIT,q5:zona_id=Z1&bins=5,0.0005
2026-05-31 20:55:41,HIT,q3:zona_id=Z1,0.0005
2026-05-31 20:55:41,HIT,q3:zona_id=Z2,0.0004
2026-05-31 20:55:46,HIT,q5:zona_id=Z4&bins=5,0.0005
2026-05-31 20:55:47,HIT,q5:zona_id=Z4&bins=5,0.0008
2026-05-31 20:55:47,HIT,q3:zona_id=Z1,0.0009
2026-05-31 20:55:47,MISS,q2:zona_id=Z4&confidence_min=0.7,0.0143
2026-05-31 20:55:47,HIT,q4:zona_a=Z4&zona_b=Z1,0.0005
2026-05-31 20:55:47,HIT,q4:zona_a=Z3&zona_b=Z1,0.0007
2026-05-31 20:55:49,HIT,q1:zona_id=Z1&confidence_min=0.6,0.0008
2026-05-31 20:55:50,MISS,q4:zona_a=Z2&zona_b=Z1,0.0165
2026-05-31 20:55:51,HIT,q1:zona_id=Z5&confidence_min=0.6,0.0011
2026-05-31 20:55:53,MISS,q1:zona_id=Z2&confidence_min=0.6,0.0237
2026-05-31 20:55:53,HIT,q2:zona_id=Z1&confidence_min=0.7,0.0006
2026-05-31 20:55:53,HIT,q5:zona_id=Z1&bins=5,0.0007
2026-05-31 20:55:53,HIT,q5:zona_id=Z3&bins=5,0.0008
2026-05-31 20:55:53,MISS,q5:zona_id=Z2&bins=5,0.0297
2026-05-31 20:55:53,HIT,q2:zona_id=Z4&confidence_min=0.7,0.0013
2026-05-31 20:55:53,HIT,q1:zona_id=Z4&confidence_min=0.6,0.0006
2026-05-31 20:55:53,MISS,q2:zona_id=Z5&confidence_min=0.7,0.0252
2026-05-31 20:55:54,HIT,q2:zona_id=Z1&confidence_min=0.7,0.0014
2026-05-31 20:55:55,MISS,q3:zona_id=Z2,0.0119
2026-05-31 20:55:55,MISS,q4:zona_a=Z4&zona_b=Z1,0.0242
2026-05-31 20:55:55,HIT,q1:zona_id=Z4&confidence_min=0.6,0.0005
2026-05-31 20:55:55,HIT,q3:zona_id=Z4,0.0007
2026-05-31 20:55:56,MISS,q2:zona_id=Z3&confidence_min=0.7,0.0287
2026-05-31 20:55:56,HIT,q1:zona_id=Z3&confidence_min=0.6,0.0009
2026-05-31 20:55:56,MISS,q3:zona_id=Z1,0.0184
2026-05-31 20:55:56,HIT,q4:zona_a=Z1&zona_b=Z1,0.0006
2026-05-31 20:55:56,HIT,q1:zona_id=Z4&confidence_min=0.6,0.0005
2026-05-31 20:55:56,MISS,q5:zona_id=Z5&bins=5,0.0263
2026-05-31 20:55:56,MISS,q5:zona_id=Z3&bins=5,0.0281
2026-05-31 20:55:56,MISS,q5:zona_id=Z4&bins=5,0.0245
2026-05-31 20:55:56,HIT,q3:zona_id=Z1,0.0006
2026-05-31 20:55:56,HIT,q5:zona_id=Z5&bins=5,0.0013
2026-05-31 20:55:56,MISS,q2:zona_id=Z2&confidence_min=0.7,0.0257
2026-05-31 20:55:56,MISS,q3:zona_id=Z5,0.0305
2026-05-31 20:55:56,HIT,q1:zona_id=Z2&confidence_min=0.6,0.0017
2026-05-31 20:55:56,HIT,q4:zona_a=Z2&zona_b=Z1,0.0015
2026-05-31 20:55:57,MISS,q1:zona_id=Z1&confidence_min=0.6,0.0127
2026-05-31 20:55:57,HIT,q1:zona_id=Z3&confidence_min=0.6,0.0007
2026-05-31 20:55:57,HIT,q2:zona_id=Z1&confidence_min=0.7,0.0014
2026-05-31 20:55:57,HIT,q1:zona_id=Z1&confidence_min=0.6,0.0023
2026-05-31 20:55:57,HIT,q1:zona_id=Z1&confidence_min=0.6,0.0007
2026-05-31 20:55:57,HIT,q1:zona_id=Z1&confidence_min=0.6,0.0006
2026-05-31 20:55:57,HIT,q2:zona_id=Z2&confidence_min=0.7,0.0007
2026-05-31 20:55:57,HIT,q1:zona_id=Z1&confidence_min=0.6,0.0010
2026-05-31 20:55:57,HIT,q1:zona_id=Z1&confidence_min=0.6,0.0006
2026-05-31 20:55:57,HIT,q3:zona_id=Z1,0.0008
2026-05-31 20:55:57,HIT,q1:zona_id=Z1&confidence_min=0.6,0.0007
2026-05-31 20:55:57,HIT,q1:zona_id=Z1&confidence_min=0.6,0.0005
2026-05-31 20:55:57,HIT,q1:zona_id=Z1&confidence_min=0.6,0.0007
2026-05-31 20:55:57,HIT,q4:zona_a=Z2&zona_b=Z1,0.0010
2026-05-31 20:55:57,HIT,q2:zona_id=Z1&confidence_min=0.7,0.0015
2026-05-31 20:56:02,HIT,q2:zona_id=Z4&confidence_min=0.7,0.0007
2026-05-31 20:56:03,HIT,q5:zona_id=Z5&bins=5,0.0006
2026-05-31 20:56:03,HIT,q3:zona_id=Z5,0.0007
2026-05-31 20:56:04,HIT,q3:zona_id=Z5,0.0004
2026-05-31 20:56:04,HIT,q1:zona_id=Z2&confidence_min=0.6,0.0006
2026-05-31 20:56:04,HIT,q3:zona_id=Z1,0.0006
2026-05-31 20:56:04,MISS,q3:zona_id=Z3,0.0302
2026-05-31 20:56:05,HIT,q2:zona_id=Z4&confidence_min=0.7,0.0005
2026-05-31 20:56:05,HIT,q2:zona_id=Z2&confidence_min=0.7,0.0006
2026-05-31 20:56:07,HIT,q5:zona_id=Z2&bins=5,0.0010
2026-05-31 20:56:07,HIT,q2:zona_id=Z5&confidence_min=0.7,0.0004
2026-05-31 20:56:07,HIT,q2:zona_id=Z3&confidence_min=0.7,0.0006
2026-05-31 20:56:14,HIT,q1:zona_id=Z1&confidence_min=0.6,0.0005
2026-05-31 20:56:14,HIT,q2:zona_id=Z4&confidence_min=0.7,0.0004
2026-05-31 20:56:14,HIT,q5:zona_id=Z3&bins=5,0.0004
2026-05-31 20:56:14,HIT,q3:zona_id=Z3,0.0008
2026-05-31 20:56:14,HIT,q4:zona_a=Z4&zona_b=Z1,0.0009
2026-05-31 20:56:14,HIT,q5:zona_id=Z5&bins=5,0.0008
2026-05-31 20:56:15,HIT,q3:zona_id=Z1,0.0007
2026-05-31 20:56:15,HIT,q2:zona_id=Z5&confidence_min=0.7,0.0005
2026-05-31 20:56:16,MISS,q5:zona_id=Z1&bins=5,0.0147
2026-05-31 20:56:16,MISS,q1:zona_id=Z4&confidence_min=0.6,0.0134
2026-05-31 20:56:16,MISS,q3:zona_id=Z4,0.0089
2026-05-31 20:56:18,HIT,q5:zona_id=Z3&bins=5,0.0005
2026-05-31 20:56:18,HIT,q2:zona_id=Z5&confidence_min=0.7,0.0026
2026-05-31 20:56:18,MISS,q4:zona_a=Z1&zona_b=Z1,0.0168
2026-05-31 20:56:19,HIT,q3:zona_id=Z4,0.0007
2026-05-31 20:56:19,HIT,q3:zona_id=Z1,0.0005
2026-05-31 20:56:19,HIT,q1:zona_id=Z4&confidence_min=0.6,0.0008
2026-05-31 20:56:19,MISS,q1:zona_id=Z5&confidence_min=0.6,0.0110
2026-05-31 20:56:19,HIT,q4:zona_a=Z1&zona_b=Z1,0.0010
2026-05-31 20:56:21,HIT,q1:zona_id=Z2&confidence_min=0.6,0.0004
2026-05-31 20:56:21,HIT,q5:zona_id=Z2&bins=5,0.0004
2026-05-31 20:56:21,HIT,q3:zona_id=Z3,0.0017
2026-05-31 20:56:21,HIT,q3:zona_id=Z4,0.0005
2026-05-31 20:56:21,MISS,q2:zona_id=Z1&confidence_min=0.7,0.0113
2026-05-31 20:56:21,HIT,q3:zona_id=Z4,0.0005
2026-05-31 20:56:21,HIT,q3:zona_id=Z1,0.0006
2026-05-31 20:56:21,HIT,q2:zona_id=Z5&confidence_min=0.7,0.0005
2026-05-31 20:56:22,HIT,q2:zona_id=Z2&confidence_min=0.7,0.0008
2026-05-31 20:56:22,HIT,q3:zona_id=Z3,0.0005
2026-05-31 20:56:22,HIT,q3:zona_id=Z2,0.0005
2026-05-31 20:56:22,HIT,q5:zona_id=Z1&bins=5,0.0006
2026-05-31 20:56:23,HIT,q5:zona_id=Z2&bins=5,0.0005
2026-05-31 20:56:23,HIT,q2:zona_id=Z5&confidence_min=0.7,0.0010
2026-05-31 20:56:23,HIT,q2:zona_id=Z2&confidence_min=0.7,0.0004
2026-05-31 20:56:23,MISS,q4:zona_a=Z3&zona_b=Z1,0.0194
2026-05-31 20:56:23,HIT,q2:zona_id=Z3&confidence_min=0.7,0.0005
2026-05-31 20:56:24,HIT,q5:zona_id=Z1&bins=5,0.0008
2026-05-31 20:56:24,HIT,q5:zona_id=Z5&bins=5,0.0011
2026-05-31 20:56:25,HIT,q4:zona_a=Z1&zona_b=Z1,0.0004
2026-05-31 20:56:25,MISS,q1:zona_id=Z3&confidence_min=0.6,0.0171
2026-05-31 20:56:25,HIT,q2:zona_id=Z4&confidence_min=0.7,0.0005
2026-05-31 20:56:25,HIT,q3:zona_id=Z3,0.0007
2026-05-31 20:56:28,HIT,q2:zona_id=Z4&confidence_min=0.7,0.0006
2026-05-31 20:56:28,HIT,q2:zona_id=Z3&confidence_min=0.7,0.0005
2026-05-31 20:56:28,HIT,q5:zona_id=Z5&bins=5,0.0010
2026-05-31 20:56:28,MISS,q4:zona_a=Z5&zona_b=Z1,0.0202
2026-05-31 20:56:29,HIT,q3:zona_id=Z4,0.0009
2026-05-31 20:56:29,HIT,q5:zona_id=Z1&bins=5,0.0009
2026-05-31 20:56:29,HIT,q4:zona_a=Z1&zona_b=Z1,0.0006
2026-05-31 20:56:29,HIT,q4:zona_a=Z2&zona_b=Z1,0.0007
2026-05-31 20:56:29,HIT,q4:zona_a=Z3&zona_b=Z1,0.0005
2026-05-31 20:56:30,HIT,q2:zona_id=Z3&confidence_min=0.7,0.0008
2026-05-31 20:56:30,HIT,q3:zona_id=Z1,0.0010
2026-05-31 20:56:30,HIT,q1:zona_id=Z1&confidence_min=0.6,0.0004
2026-05-31 20:56:30,HIT,q1:zona_id=Z4&confidence_min=0.6,0.0006
2026-05-31 20:56:30,HIT,q1:zona_id=Z3&confidence_min=0.6,0.0006
2026-05-31 20:56:30,HIT,q5:zona_id=Z3&bins=5,0.0018
2026-05-31 20:56:30,HIT,q2:zona_id=Z2&confidence_min=0.7,0.0005
2026-05-31 20:56:31,HIT,q1:zona_id=Z2&confidence_min=0.6,0.0005
2026-05-31 20:56:31,HIT,q1:zona_id=Z1&confidence_min=0.6,0.0006
2026-05-31 20:56:31,HIT,q1:zona_id=Z1&confidence_min=0.6,0.0006
2026-05-31 20:56:31,HIT,q1:zona_id=Z1&confidence_min=0.6,0.0006
2026-05-31 20:56:32,HIT,q1:zona_id=Z1&confidence_min=0.6,0.0007
2026-05-31 20:56:32,HIT,q5:zona_id=Z1&bins=5,0.0006
2026-05-31 20:56:32,HIT,q1:zona_id=Z1&confidence_min=0.6,0.0009
2026-05-31 20:56:32,HIT,q4:zona_a=Z1&zona_b=Z1,0.0006
2026-05-31 20:56:32,HIT,q1:zona_id=Z1&confidence_min=0.6,0.0007
2026-05-31 20:56:32,HIT,q1:zona_id=Z1&confidence_min=0.6,0.0008
2026-05-31 20:56:32,HIT,q1:zona_id=Z1&confidence_min=0.6,0.0014
2026-05-31 20:56:32,HIT,q1:zona_id=Z1&confidence_min=0.6,0.0006
2026-05-31 20:56:32,HIT,q2:zona_id=Z1&confidence_min=0.7,0.0006
2026-05-31 20:56:33,HIT,q1:zona_id=Z1&confidence_min=0.6,0.0008
2026-05-31 20:56:33,HIT,q1:zona_id=Z4&confidence_min=0.6,0.0006
2026-05-31 20:56:33,HIT,q4:zona_a=Z1&zona_b=Z1,0.0005
2026-05-31 20:56:33,HIT,q1:zona_id=Z1&confidence_min=0.6,0.0005
2026-05-31 20:56:33,HIT,q1:zona_id=Z3&confidence_min=0.6,0.0005
2026-05-31 20:56:33,HIT,q5:zona_id=Z2&bins=5,0.0014
2026-05-31 20:56:33,HIT,q1:zona_id=Z1&confidence_min=0.6,0.0005
2026-05-31 20:56:33,HIT,q5:zona_id=Z2&bins=5,0.0006
2026-05-31 20:56:33,HIT,q2:zona_id=Z1&confidence_min=0.7,0.0005
2026-05-31 20:56:34,HIT,q4:zona_a=Z2&zona_b=Z1,0.0014
2026-05-31 20:56:34,HIT,q4:zona_a=Z1&zona_b=Z1,0.0007
2026-05-31 20:56:35,HIT,q1:zona_id=Z1&confidence_min=0.6,0.0005
2026-05-31 20:56:35,HIT,q3:zona_id=Z1,0.0013
2026-05-31 20:56:35,HIT,q1:zona_id=Z1&confidence_min=0.6,0.0008
2026-05-31 20:56:35,HIT,q3:zona_id=Z4,0.0006
2026-05-31 20:56:36,HIT,q2:zona_id=Z4&confidence_min=0.7,0.0005
2026-05-31 20:56:36,HIT,q1:zona_id=Z1&confidence_min=0.6,0.0012
2026-05-31 20:56:36,HIT,q3:zona_id=Z1,0.0008
2026-05-31 20:56:36,HIT,q2:zona_id=Z1&confidence_min=0.7,0.0006
2026-05-31 20:56:36,HIT,q1:zona_id=Z1&confidence_min=0.6,0.0008
2026-05-31 20:56:36,HIT,q1:zona_id=Z1&confidence_min=0.6,0.0006
2026-05-31 20:56:36,HIT,q4:zona_a=Z1&zona_b=Z1,0.0009
2026-05-31 20:56:36,HIT,q1:zona_id=Z1&confidence_min=0.6,0.0005
2026-05-31 20:56:36,HIT,q1:zona_id=Z1&confidence_min=0.6,0.0011
2026-05-31 20:56:36,HIT,q1:zona_id=Z1&confidence_min=0.6,0.0007
2026-05-31 20:56:37,HIT,q1:zona_id=Z4&confidence_min=0.6,0.0005
2026-05-31 20:56:37,HIT,q4:zona_a=Z1&zona_b=Z1,0.0009
2026-05-31 20:56:37,HIT,q1:zona_id=Z1&confidence_min=0.6,0.0007
2026-05-31 20:56:37,HIT,q1:zona_id=Z1&confidence_min=0.6,0.0006
2026-05-31 20:56:37,HIT,q1:zona_id=Z1&confidence_min=0.6,0.0008
2026-05-31 20:56:39,HIT,q2:zona_id=Z2&confidence_min=0.7,0.0006
2026-05-31 20:56:39,HIT,q1:zona_id=Z1&confidence_min=0.6,0.0004
2026-05-31 20:56:39,HIT,q4:zona_a=Z1&zona_b=Z1,0.0006
2026-05-31 20:56:39,HIT,q1:zona_id=Z3&confidence_min=0.6,0.0021
2026-05-31 20:56:39,HIT,q3:zona_id=Z1,0.0006
2026-05-31 20:56:39,HIT,q4:zona_a=Z1&zona_b=Z1,0.0005
2026-05-31 20:56:39,HIT,q1:zona_id=Z1&confidence_min=0.6,0.0008
2026-05-31 20:56:40,HIT,q5:zona_id=Z1&bins=5,0.0006
2026-05-31 20:56:41,HIT,q1:zona_id=Z5&confidence_min=0.6,0.0004
2026-05-31 20:56:41,HIT,q1:zona_id=Z1&confidence_min=0.6,0.0006
2026-05-31 20:56:46,HIT,q4:zona_a=Z1&zona_b=Z1,0.0009
2026-05-31 20:56:46,HIT,q5:zona_id=Z5&bins=5,0.0007
2026-05-31 20:56:46,HIT,q1:zona_id=Z1&confidence_min=0.6,0.0006
2026-05-31 20:56:46,HIT,q1:zona_id=Z3&confidence_min=0.6,0.0004
2026-05-31 20:56:46,HIT,q4:zona_a=Z1&zona_b=Z1,0.0005
2026-05-31 20:56:46,HIT,q4:zona_a=Z1&zona_b=Z1,0.0017
2026-05-31 20:56:48,HIT,q2:zona_id=Z1&confidence_min=0.7,0.0005
2026-05-31 20:56:48,HIT,q4:zona_a=Z3&zona_b=Z1,0.0005
2026-05-31 20:56:48,HIT,q4:zona_a=Z1&zona_b=Z1,0.0005
2026-05-31 20:56:48,HIT,q1:zona_id=Z1&confidence_min=0.6,0.0007
2026-05-31 20:56:48,HIT,q2:zona_id=Z1&confidence_min=0.7,0.0009
2026-05-31 20:56:49,HIT,q1:zona_id=Z1&confidence_min=0.6,0.0014
2026-05-31 20:56:49,HIT,q2:zona_id=Z3&confidence_min=0.7,0.0008
2026-05-31 20:56:51,HIT,q2:zona_id=Z1&confidence_min=0.7,0.0006
2026-05-31 20:56:51,HIT,q4:zona_a=Z1&zona_b=Z1,0.0006
2026-05-31 20:56:51,HIT,q5:zona_id=Z2&bins=5,0.0007
2026-05-31 20:56:51,HIT,q5:zona_id=Z1&bins=5,0.0006
2026-05-31 20:56:51,HIT,q3:zona_id=Z1,0.0005
2026-05-31 20:56:51,HIT,q2:zona_id=Z1&confidence_min=0.7,0.0005
2026-05-31 20:56:51,HIT,q1:zona_id=Z1&confidence_min=0.6,0.0008
2026-05-31 20:56:51,HIT,q1:zona_id=Z1&confidence_min=0.6,0.0009
2026-05-31 20:56:51,HIT,q5:zona_id=Z4&bins=5,0.0009
2026-05-31 20:56:51,HIT,q4:zona_a=Z1&zona_b=Z1,0.0009
2026-05-31 20:56:51,HIT,q1:zona_id=Z1&confidence_min=0.6,0.0006
2026-05-31 20:56:52,HIT,q2:zona_id=Z1&confidence_min=0.7,0.0009
2026-05-31 20:56:52,HIT,q5:zona_id=Z1&bins=5,0.0010
2026-05-31 20:56:52,HIT,q3:zona_id=Z1,0.0011
2026-05-31 20:56:52,HIT,q1:zona_id=Z1&confidence_min=0.6,0.0027
2026-05-31 20:56:52,HIT,q4:zona_a=Z5&zona_b=Z1,0.0020
2026-05-31 20:56:53,MISS,q4:zona_a=Z2&zona_b=Z1,0.0449
2026-05-31 20:56:53,HIT,q4:zona_a=Z4&zona_b=Z1,0.0016
2026-05-31 20:56:53,HIT,q2:zona_id=Z5&confidence_min=0.7,0.0007
2026-05-31 20:56:53,HIT,q5:zona_id=Z3&bins=5,0.0012
2026-05-31 20:56:53,MISS,q2:zona_id=Z5&confidence_min=0.7,0.0268
2026-05-31 20:56:55,HIT,q1:zona_id=Z5&confidence_min=0.6,0.0004
2026-05-31 20:56:55,HIT,q1:zona_id=Z3&confidence_min=0.6,0.0005
2026-05-31 20:56:55,HIT,q1:zona_id=Z1&confidence_min=0.6,0.0011
2026-05-31 20:56:56,HIT,q5:zona_id=Z5&bins=5,0.0012
2026-05-31 20:56:56,HIT,q3:zona_id=Z5,0.0004
2026-05-31 20:56:56,HIT,q3:zona_id=Z3,0.0013
2026-05-31 20:56:57,HIT,q3:zona_id=Z3,0.0010
2026-05-31 20:56:57,MISS,q5:zona_id=Z5&bins=5,0.0195
2026-05-31 20:56:57,MISS,q3:zona_id=Z1,0.0134
2026-05-31 20:56:57,HIT,q4:zona_a=Z2&zona_b=Z1,0.0005
2026-05-31 20:56:57,HIT,q2:zona_id=Z1&confidence_min=0.7,0.0005
2026-05-31 20:56:59,HIT,q5:zona_id=Z5&bins=5,0.0020
2026-05-31 20:56:59,HIT,q4:zona_a=Z5&zona_b=Z1,0.0006
2026-05-31 20:56:59,HIT,q5:zona_id=Z1&bins=5,0.0006
2026-05-31 20:56:59,HIT,q1:zona_id=Z5&confidence_min=0.6,0.0005
2026-05-31 20:56:59,HIT,q3:zona_id=Z3,0.0010
2026-05-31 20:56:59,MISS,q5:zona_id=Z2&bins=5,0.0243
2026-05-31 20:56:59,HIT,q3:zona_id=Z4,0.0005
2026-05-31 20:56:59,HIT,q5:zona_id=Z5&bins=5,0.0004
2026-05-31 20:56:59,HIT,q1:zona_id=Z4&confidence_min=0.6,0.0005
2026-05-31 20:57:00,MISS,q1:zona_id=Z1&confidence_min=0.6,0.0110
2026-05-31 20:57:00,MISS,q2:zona_id=Z3&confidence_min=0.7,0.0224
2026-05-31 20:57:00,HIT,q2:zona_id=Z5&confidence_min=0.7,0.0015
2026-05-31 20:57:01,HIT,q5:zona_id=Z5&bins=5,0.0006
2026-05-31 20:57:01,HIT,q1:zona_id=Z4&confidence_min=0.6,0.0006
2026-05-31 20:57:01,HIT,q4:zona_a=Z1&zona_b=Z1,0.0005
2026-05-31 20:57:01,HIT,q2:zona_id=Z3&confidence_min=0.7,0.0006
2026-05-31 20:57:01,HIT,q3:zona_id=Z3,0.0005
2026-05-31 20:57:01,HIT,q2:zona_id=Z1&confidence_min=0.7,0.0005
2026-05-31 20:57:01,HIT,q4:zona_a=Z3&zona_b=Z1,0.0004
2026-05-31 20:57:01,HIT,q1:zona_id=Z5&confidence_min=0.6,0.0005
2026-05-31 20:57:01,HIT,q5:zona_id=Z1&bins=5,0.0005
2026-05-31 20:57:01,HIT,q3:zona_id=Z1,0.0008
2026-05-31 20:57:01,MISS,q3:zona_id=Z2,0.0192
2026-05-31 20:57:01,HIT,q5:zona_id=Z5&bins=5,0.0007
2026-05-31 20:57:01,MISS,q2:zona_id=Z2&confidence_min=0.7,0.0227
2026-05-31 20:57:01,HIT,q1:zona_id=Z4&confidence_min=0.6,0.0006
2026-05-31 20:57:01,HIT,q3:zona_id=Z1,0.0013
2026-05-31 20:57:01,HIT,q1:zona_id=Z1&confidence_min=0.6,0.0007
2026-05-31 20:57:01,MISS,q5:zona_id=Z4&bins=5,0.0208
2026-05-31 20:57:01,HIT,q2:zona_id=Z3&confidence_min=0.7,0.0015
2026-05-31 20:57:02,HIT,q3:zona_id=Z1,0.0005
2026-05-31 20:57:02,MISS,q2:zona_id=Z4&confidence_min=0.7,0.0179
2026-05-31 20:57:02,MISS,q4:zona_a=Z4&zona_b=Z1,0.0161
2026-05-31 20:57:02,HIT,q4:zona_a=Z3&zona_b=Z1,0.0005
2026-05-31 20:57:02,MISS,q1:zona_id=Z2&confidence_min=0.6,0.0108
2026-05-31 20:57:02,HIT,q4:zona_a=Z1&zona_b=Z1,0.0005
2026-05-31 20:57:05,HIT,q1:zona_id=Z4&confidence_min=0.6,0.0005
2026-05-31 20:57:05,HIT,q1:zona_id=Z5&confidence_min=0.6,0.0005
2026-05-31 20:57:05,HIT,q5:zona_id=Z1&bins=5,0.0005
2026-05-31 20:57:05,HIT,q1:zona_id=Z2&confidence_min=0.6,0.0013
2026-05-31 20:57:05,HIT,q2:zona_id=Z1&confidence_min=0.7,0.0005
2026-05-31 20:57:05,HIT,q5:zona_id=Z1&bins=5,0.0005
2026-05-31 20:57:05,MISS,q5:zona_id=Z3&bins=5,0.0365
2026-05-31 20:57:05,HIT,q5:zona_id=Z2&bins=5,0.0048
2026-05-31 20:57:06,HIT,q2:zona_id=Z4&confidence_min=0.7,0.0006
2026-05-31 20:57:06,HIT,q1:zona_id=Z4&confidence_min=0.6,0.0004
2026-05-31 20:57:06,HIT,q2:zona_id=Z5&confidence_min=0.7,0.0010
2026-05-31 20:57:06,HIT,q2:zona_id=Z4&confidence_min=0.7,0.0015
2026-05-31 20:57:07,HIT,q5:zona_id=Z5&bins=5,0.0006
2026-05-31 20:57:07,HIT,q3:zona_id=Z2,0.0009
2026-05-31 20:57:07,HIT,q4:zona_a=Z4&zona_b=Z1,0.0008
2026-05-31 20:57:07,HIT,q1:zona_id=Z4&confidence_min=0.6,0.0010
2026-05-31 20:57:07,HIT,q3:zona_id=Z4,0.0005
2026-05-31 20:57:07,HIT,q2:zona_id=Z4&confidence_min=0.7,0.0005
2026-05-31 20:57:07,HIT,q2:zona_id=Z3&confidence_min=0.7,0.0008
2026-05-31 20:57:07,HIT,q1:zona_id=Z3&confidence_min=0.6,0.0006
2026-05-31 20:57:07,HIT,q3:zona_id=Z1,0.0007
2026-05-31 20:57:07,HIT,q4:zona_a=Z1&zona_b=Z1,0.0006
2026-05-31 20:57:07,HIT,q1:zona_id=Z4&confidence_min=0.6,0.0006
2026-05-31 20:57:07,HIT,q5:zona_id=Z5&bins=5,0.0017
2026-05-31 20:57:07,HIT,q5:zona_id=Z3&bins=5,0.0005
2026-05-31 20:57:07,HIT,q5:zona_id=Z4&bins=5,0.0013
2026-05-31 20:57:07,HIT,q3:zona_id=Z1,0.0005
2026-05-31 20:57:07,HIT,q5:zona_id=Z5&bins=5,0.0013
2026-05-31 20:57:07,HIT,q2:zona_id=Z2&confidence_min=0.7,0.0008
2026-05-31 20:57:07,MISS,q3:zona_id=Z5,0.0103
2026-05-31 20:57:07,HIT,q1:zona_id=Z2&confidence_min=0.6,0.0006
2026-05-31 20:57:07,HIT,q4:zona_a=Z2&zona_b=Z1,0.0006
2026-05-31 20:57:07,HIT,q2:zona_id=Z3&confidence_min=0.7,0.0005
2026-05-31 20:57:07,HIT,q1:zona_id=Z1&confidence_min=0.6,0.0005
2026-05-31 20:57:07,HIT,q1:zona_id=Z3&confidence_min=0.6,0.0005
2026-05-31 20:57:07,HIT,q2:zona_id=Z1&confidence_min=0.7,0.0006
2026-05-31 20:57:07,HIT,q1:zona_id=Z1&confidence_min=0.6,0.0007
2026-05-31 20:57:07,HIT,q1:zona_id=Z1&confidence_min=0.6,0.0004
2026-05-31 20:57:07,HIT,q1:zona_id=Z1&confidence_min=0.6,0.0004
2026-05-31 20:57:07,HIT,q2:zona_id=Z2&confidence_min=0.7,0.0004
2026-05-31 20:57:07,HIT,q1:zona_id=Z1&confidence_min=0.6,0.0006
2026-05-31 20:57:07,HIT,q1:zona_id=Z1&confidence_min=0.6,0.0006
2026-05-31 20:57:07,HIT,q3:zona_id=Z1,0.0010
2026-05-31 20:57:07,HIT,q1:zona_id=Z1&confidence_min=0.6,0.0004
2026-05-31 20:57:07,HIT,q1:zona_id=Z1&confidence_min=0.6,0.0006
2026-05-31 20:57:08,HIT,q4:zona_a=Z2&zona_b=Z1,0.0005
2026-05-31 20:57:08,HIT,q2:zona_id=Z1&confidence_min=0.7,0.0009
2026-05-31 20:57:08,HIT,q1:zona_id=Z1&confidence_min=0.6,0.0005
2026-05-31 20:57:09,HIT,q5:zona_id=Z3&bins=5,0.0005
2026-05-31 20:57:09,HIT,q2:zona_id=Z1&confidence_min=0.7,0.0006
2026-05-31 20:57:09,HIT,q1:zona_id=Z2&confidence_min=0.6,0.0005
2026-05-31 20:57:09,HIT,q1:zona_id=Z2&confidence_min=0.6,0.0006
2026-05-31 20:57:09,HIT,q1:zona_id=Z1&confidence_min=0.6,0.0004
2026-05-31 20:57:09,HIT,q1:zona_id=Z2&confidence_min=0.6,0.0008
2026-05-31 20:57:09,HIT,q1:zona_id=Z1&confidence_min=0.6,0.0015
2026-05-31 20:57:09,HIT,q1:zona_id=Z1&confidence_min=0.6,0.0005
2026-05-31 20:57:09,HIT,q1:zona_id=Z1&confidence_min=0.6,0.0007
2026-05-31 20:57:09,HIT,q2:zona_id=Z1&confidence_min=0.7,0.0016
2026-05-31 20:57:09,HIT,q2:zona_id=Z4&confidence_min=0.7,0.0006
2026-05-31 20:57:10,HIT,q1:zona_id=Z1&confidence_min=0.6,0.0004
2026-05-31 20:57:10,HIT,q2:zona_id=Z3&confidence_min=0.7,0.0006
2026-05-31 20:57:10,HIT,q4:zona_a=Z1&zona_b=Z1,0.0007
2026-05-31 20:57:10,HIT,q1:zona_id=Z1&confidence_min=0.6,0.0006
2026-05-31 20:57:10,HIT,q1:zona_id=Z1&confidence_min=0.6,0.0011
2026-05-31 20:57:11,HIT,q1:zona_id=Z1&confidence_min=0.6,0.0004
2026-05-31 20:57:12,HIT,q3:zona_id=Z2,0.0006
2026-05-31 20:57:12,HIT,q5:zona_id=Z4&bins=5,0.0008
2026-05-31 20:57:12,HIT,q1:zona_id=Z2&confidence_min=0.6,0.0005
2026-05-31 20:57:12,HIT,q1:zona_id=Z1&confidence_min=0.6,0.0006
2026-05-31 20:57:12,HIT,q1:zona_id=Z1&confidence_min=0.6,0.0005
2026-05-31 20:57:12,HIT,q2:zona_id=Z1&confidence_min=0.7,0.0006
2026-05-31 20:57:13,HIT,q1:zona_id=Z1&confidence_min=0.6,0.0004
2026-05-31 20:57:14,HIT,q2:zona_id=Z3&confidence_min=0.7,0.0008
2026-05-31 20:57:14,HIT,q5:zona_id=Z4&bins=5,0.0005
2026-05-31 20:57:14,HIT,q1:zona_id=Z1&confidence_min=0.6,0.0005
2026-05-31 20:57:14,HIT,q3:zona_id=Z1,0.0007
2026-05-31 20:57:15,HIT,q1:zona_id=Z1&confidence_min=0.6,0.0009
2026-05-31 20:57:15,HIT,q2:zona_id=Z1&confidence_min=0.7,0.0007
2026-05-31 20:57:15,HIT,q1:zona_id=Z1&confidence_min=0.6,0.0006
2026-05-31 20:57:15,HIT,q2:zona_id=Z2&confidence_min=0.7,0.0005
2026-05-31 20:57:16,HIT,q4:zona_a=Z1&zona_b=Z1,0.0005
2026-05-31 20:57:17,HIT,q2:zona_id=Z2&confidence_min=0.7,0.0009
2026-05-31 20:57:17,HIT,q2:zona_id=Z2&confidence_min=0.7,0.0006
2026-05-31 20:57:17,HIT,q1:zona_id=Z1&confidence_min=0.6,0.0008
2026-05-31 20:57:17,MISS,q5:zona_id=Z1&bins=5,0.0182
2026-05-31 20:57:17,HIT,q1:zona_id=Z5&confidence_min=0.6,0.0018
2026-05-31 20:57:17,HIT,q1:zona_id=Z1&confidence_min=0.6,0.0014
2026-05-31 20:57:17,HIT,q1:zona_id=Z1&confidence_min=0.6,0.0005
2026-05-31 20:57:17,HIT,q2:zona_id=Z1&confidence_min=0.7,0.0010
2026-05-31 20:57:17,HIT,q1:zona_id=Z1&confidence_min=0.6,0.0007
2026-05-31 20:57:17,HIT,q1:zona_id=Z1&confidence_min=0.6,0.0004
2026-05-31 20:57:17,HIT,q3:zona_id=Z2,0.0006
2026-05-31 20:57:17,HIT,q1:zona_id=Z1&confidence_min=0.6,0.0006
2026-05-31 20:57:17,HIT,q1:zona_id=Z1&confidence_min=0.6,0.0005
2026-05-31 20:57:17,HIT,q3:zona_id=Z1,0.0008
2026-05-31 20:57:17,HIT,q4:zona_a=Z2&zona_b=Z1,0.0008
2026-05-31 20:57:17,HIT,q1:zona_id=Z3&confidence_min=0.6,0.0004
2026-05-31 20:57:17,HIT,q2:zona_id=Z1&confidence_min=0.7,0.0005
2026-05-31 20:57:19,MISS,q4:zona_a=Z1&zona_b=Z1,0.0194
2026-05-31 20:57:19,HIT,q3:zona_id=Z2,0.0007
2026-05-31 20:57:19,HIT,q2:zona_id=Z1&confidence_min=0.7,0.0010
2026-05-31 20:57:19,HIT,q3:zona_id=Z2,0.0012
2026-05-31 20:57:19,HIT,q2:zona_id=Z2&confidence_min=0.7,0.0005
2026-05-31 20:57:21,HIT,q1:zona_id=Z1&confidence_min=0.6,0.0004
2026-05-31 20:57:22,HIT,q4:zona_a=Z1&zona_b=Z1,0.0004
2026-05-31 20:57:22,HIT,q1:zona_id=Z1&confidence_min=0.6,0.0005
2026-05-31 20:57:22,MISS,q2:zona_id=Z1&confidence_min=0.7,0.0127
2026-05-31 20:57:25,HIT,q2:zona_id=Z1&confidence_min=0.7,0.0006
2026-05-31 20:57:26,HIT,q1:zona_id=Z1&confidence_min=0.6,0.0005
2026-05-31 20:57:26,HIT,q1:zona_id=Z1&confidence_min=0.6,0.0004
2026-05-31 20:57:26,MISS,q1:zona_id=Z3&confidence_min=0.6,0.0143
2026-05-31 20:57:27,HIT,q1:zona_id=Z1&confidence_min=0.6,0.0005
2026-05-31 20:57:27,HIT,q5:zona_id=Z4&bins=5,0.0004
2026-05-31 20:57:27,HIT,q1:zona_id=Z1&confidence_min=0.6,0.0005
2026-05-31 20:57:27,HIT,q2:zona_id=Z1&confidence_min=0.7,0.0005
2026-05-31 20:57:27,HIT,q4:zona_a=Z1&zona_b=Z1,0.0007
2026-05-31 20:57:27,HIT,q2:zona_id=Z5&confidence_min=0.7,0.0005
2026-05-31 20:57:28,HIT,q5:zona_id=Z1&bins=5,0.0004
2026-05-31 20:57:28,HIT,q5:zona_id=Z5&bins=5,0.0010
2026-05-31 20:57:28,HIT,q5:zona_id=Z5&bins=5,0.0004
2026-05-31 20:57:28,HIT,q4:zona_a=Z4&zona_b=Z1,0.0010
2026-05-31 20:57:28,HIT,q3:zona_id=Z1,0.0005
2026-05-31 20:57:28,HIT,q5:zona_id=Z1&bins=5,0.0005
2026-05-31 20:57:28,HIT,q4:zona_a=Z1&zona_b=Z1,0.0004
2026-05-31 20:57:28,HIT,q2:zona_id=Z5&confidence_min=0.7,0.0005
2026-05-31 20:57:28,HIT,q2:zona_id=Z2&confidence_min=0.7,0.0005
2026-05-31 20:57:28,HIT,q5:zona_id=Z2&bins=5,0.0008
2026-05-31 20:57:30,HIT,q3:zona_id=Z5,0.0004
2026-05-31 20:57:30,HIT,q2:zona_id=Z4&confidence_min=0.7,0.0006
2026-05-31 20:57:32,HIT,q5:zona_id=Z3&bins=5,0.0004
2026-05-31 20:57:32,HIT,q3:zona_id=Z5,0.0006
2026-05-31 20:57:32,HIT,q1:zona_id=Z2&confidence_min=0.6,0.0005
2026-05-31 20:57:33,HIT,q1:zona_id=Z1&confidence_min=0.6,0.0011
2026-05-31 20:57:34,HIT,q1:zona_id=Z1&confidence_min=0.6,0.0005
2026-05-31 20:57:34,HIT,q1:zona_id=Z1&confidence_min=0.6,0.0004
2026-05-31 20:57:34,HIT,q2:zona_id=Z1&confidence_min=0.7,0.0008
2026-05-31 20:57:34,HIT,q4:zona_a=Z1&zona_b=Z1,0.0005
2026-05-31 20:57:36,HIT,q4:zona_a=Z1&zona_b=Z1,0.0007
2026-05-31 20:57:36,HIT,q1:zona_id=Z3&confidence_min=0.6,0.0006
2026-05-31 20:57:37,HIT,q1:zona_id=Z1&confidence_min=0.6,0.0008
2026-05-31 20:57:37,HIT,q5:zona_id=Z1&bins=5,0.0008
2026-05-31 20:57:38,HIT,q4:zona_a=Z1&zona_b=Z1,0.0006
2026-05-31 20:57:39,HIT,q1:zona_id=Z1&confidence_min=0.6,0.0007
2026-05-31 20:57:39,HIT,q1:zona_id=Z1&confidence_min=0.6,0.0005
2026-05-31 20:57:39,HIT,q1:zona_id=Z1&confidence_min=0.6,0.0006
2026-05-31 20:57:39,HIT,q4:zona_a=Z4&zona_b=Z1,0.0005
2026-05-31 20:57:39,MISS,q3:zona_id=Z4,0.0134
2026-05-31 20:57:39,MISS,q3:zona_id=Z3,0.0112
2026-05-31 20:57:39,HIT,q3:zona_id=Z3,0.0005
2026-05-31 20:57:39,HIT,q3:zona_id=Z1,0.0005
2026-05-31 20:57:39,MISS,q1:zona_id=Z5&confidence_min=0.6,0.0099
2026-05-31 20:57:39,HIT,q2:zona_id=Z5&confidence_min=0.7,0.0006
2026-05-31 20:57:39,HIT,q3:zona_id=Z3,0.0023
2026-05-31 20:57:39,HIT,q2:zona_id=Z1&confidence_min=0.7,0.0004
2026-05-31 20:57:39,HIT,q1:zona_id=Z5&confidence_min=0.6,0.0006
2026-05-31 20:57:39,HIT,q5:zona_id=Z5&bins=5,0.0007
2026-05-31 20:57:39,HIT,q2:zona_id=Z2&confidence_min=0.7,0.0005
2026-05-31 20:57:41,HIT,q1:zona_id=Z1&confidence_min=0.6,0.0004
2026-05-31 20:57:41,HIT,q2:zona_id=Z3&confidence_min=0.7,0.0005
2026-05-31 20:57:41,HIT,q1:zona_id=Z2&confidence_min=0.6,0.0005
2026-05-31 20:57:41,HIT,q4:zona_a=Z1&zona_b=Z1,0.0006
2026-05-31 20:57:42,MISS,q1:zona_id=Z4&confidence_min=0.6,0.0107
2026-05-31 20:57:42,HIT,q5:zona_id=Z1&bins=5,0.0005
2026-05-31 20:57:42,HIT,q2:zona_id=Z4&confidence_min=0.7,0.0007
2026-05-31 20:57:42,HIT,q5:zona_id=Z5&bins=5,0.0006
2026-05-31 20:57:42,HIT,q2:zona_id=Z4&confidence_min=0.7,0.0005
2026-05-31 20:57:42,HIT,q2:zona_id=Z3&confidence_min=0.7,0.0004
2026-05-31 20:57:44,HIT,q3:zona_id=Z2,0.0019
2026-05-31 20:57:44,HIT,q2:zona_id=Z2&confidence_min=0.7,0.0007
2026-05-31 20:57:45,MISS,q4:zona_a=Z5&zona_b=Z1,0.0115
2026-05-31 20:57:45,HIT,q3:zona_id=Z2,0.0007
2026-05-31 20:57:45,HIT,q2:zona_id=Z4&confidence_min=0.7,0.0006
2026-05-31 20:57:45,HIT,q3:zona_id=Z4,0.0005
2026-05-31 20:57:45,HIT,q1:zona_id=Z2&confidence_min=0.6,0.0005
2026-05-31 20:57:45,HIT,q2:zona_id=Z3&confidence_min=0.7,0.0011
2026-05-31 20:57:45,HIT,q4:zona_a=Z2&zona_b=Z1,0.0009
2026-05-31 20:57:47,HIT,q5:zona_id=Z5&bins=5,0.0014
2026-05-31 20:57:47,HIT,q4:zona_a=Z4&zona_b=Z1,0.0008
2026-05-31 20:57:47,HIT,q5:zona_id=Z1&bins=5,0.0011
2026-05-31 20:57:47,HIT,q4:zona_a=Z1&zona_b=Z1,0.0004
2026-05-31 20:57:47,HIT,q5:zona_id=Z2&bins=5,0.0004
2026-05-31 20:57:47,HIT,q4:zona_a=Z1&zona_b=Z1,0.0008
2026-05-31 20:57:47,HIT,q5:zona_id=Z1&bins=5,0.0007
2026-05-31 20:57:48,HIT,q4:zona_a=Z1&zona_b=Z1,0.0015
2026-05-31 20:57:49,HIT,q2:zona_id=Z1&confidence_min=0.7,0.0007
2026-05-31 20:57:49,HIT,q2:zona_id=Z4&confidence_min=0.7,0.0005
2026-05-31 20:57:51,HIT,q2:zona_id=Z3&confidence_min=0.7,0.0007
2026-05-31 20:57:51,HIT,q4:zona_a=Z1&zona_b=Z1,0.0008
2026-05-31 20:57:51,HIT,q1:zona_id=Z1&confidence_min=0.6,0.0007
2026-05-31 20:57:51,HIT,q4:zona_a=Z4&zona_b=Z1,0.0018
2026-05-31 20:57:51,HIT,q1:zona_id=Z1&confidence_min=0.6,0.0005
2026-05-31 20:57:51,HIT,q5:zona_id=Z5&bins=5,0.0008
2026-05-31 20:57:51,HIT,q4:zona_a=Z1&zona_b=Z1,0.0007
2026-05-31 20:57:53,HIT,q3:zona_id=Z4,0.0007
2026-05-31 20:57:53,HIT,q2:zona_id=Z2&confidence_min=0.7,0.0005
2026-05-31 20:57:53,HIT,q4:zona_a=Z1&zona_b=Z1,0.0005
2026-05-31 20:57:53,HIT,q2:zona_id=Z3&confidence_min=0.7,0.0008
2026-05-31 20:57:53,HIT,q2:zona_id=Z2&confidence_min=0.7,0.0007
2026-05-31 20:57:53,MISS,q2:zona_id=Z5&confidence_min=0.7,0.0176
2026-05-31 20:57:53,HIT,q1:zona_id=Z3&confidence_min=0.6,0.0005
2026-05-31 20:57:53,MISS,q4:zona_a=Z2&zona_b=Z1,0.0185
2026-05-31 20:57:53,HIT,q3:zona_id=Z3,0.0006
2026-05-31 20:57:53,HIT,q5:zona_id=Z4&bins=5,0.0010
2026-05-31 20:57:54,HIT,q3:zona_id=Z3,0.0005
2026-05-31 20:57:54,HIT,q3:zona_id=Z1,0.0006
2026-05-31 20:57:54,HIT,q4:zona_a=Z1&zona_b=Z1,0.0008
2026-05-31 20:57:54,HIT,q3:zona_id=Z3,0.0008
2026-05-31 20:57:55,HIT,q4:zona_a=Z4&zona_b=Z1,0.0005
2026-05-31 20:57:55,HIT,q5:zona_id=Z2&bins=5,0.0005
2026-05-31 20:57:56,HIT,q5:zona_id=Z4&bins=5,0.0009
2026-05-31 20:57:56,HIT,q4:zona_a=Z5&zona_b=Z1,0.0007
2026-05-31 20:57:56,HIT,q1:zona_id=Z2&confidence_min=0.6,0.0015
2026-05-31 20:57:56,HIT,q1:zona_id=Z5&confidence_min=0.6,0.0005
2026-05-31 20:57:56,HIT,q5:zona_id=Z1&bins=5,0.0011
2026-05-31 20:57:56,HIT,q1:zona_id=Z4&confidence_min=0.6,0.0009
2026-05-31 20:57:56,HIT,q1:zona_id=Z2&confidence_min=0.6,0.0010
2026-05-31 20:57:56,HIT,q5:zona_id=Z3&bins=5,0.0010
2026-05-31 20:57:56,HIT,q4:zona_a=Z2&zona_b=Z1,0.0008
2026-05-31 20:57:56,HIT,q1:zona_id=Z2&confidence_min=0.6,0.0011
2026-05-31 20:57:56,HIT,q5:zona_id=Z3&bins=5,0.0014
2026-05-31 20:57:56,HIT,q1:zona_id=Z5&confidence_min=0.6,0.0007
2026-05-31 20:57:56,HIT,q1:zona_id=Z5&confidence_min=0.6,0.0006
2026-05-31 20:57:56,HIT,q5:zona_id=Z2&bins=5,0.0010
2026-05-31 20:57:56,HIT,q5:zona_id=Z1&bins=5,0.0007
2026-05-31 20:57:56,HIT,q4:zona_a=Z5&zona_b=Z1,0.0006
2026-05-31 20:57:57,HIT,q2:zona_id=Z5&confidence_min=0.7,0.0005
2026-05-31 20:57:57,HIT,q1:zona_id=Z1&confidence_min=0.6,0.0015
2026-05-31 20:57:57,HIT,q1:zona_id=Z2&confidence_min=0.6,0.0008
2026-05-31 20:57:57,HIT,q4:zona_a=Z5&zona_b=Z1,0.0022
2026-05-31 20:57:57,HIT,q4:zona_a=Z2&zona_b=Z1,0.0006
2026-05-31 20:57:58,HIT,q1:zona_id=Z3&confidence_min=0.6,0.0005
2026-05-31 20:57:58,HIT,q2:zona_id=Z2&confidence_min=0.7,0.0007
2026-05-31 20:57:58,HIT,q3:zona_id=Z3,0.0011
2026-05-31 20:57:58,HIT,q5:zona_id=Z1&bins=5,0.0004
2026-05-31 20:57:58,MISS,q5:zona_id=Z5&bins=5,0.0244
2026-05-31 20:57:58,HIT,q2:zona_id=Z2&confidence_min=0.7,0.0008
2026-05-31 20:57:58,HIT,q4:zona_a=Z2&zona_b=Z1,0.0012
2026-05-31 20:57:59,HIT,q2:zona_id=Z2&confidence_min=0.7,0.0005
2026-05-31 20:57:59,HIT,q1:zona_id=Z4&confidence_min=0.6,0.0007
2026-05-31 20:57:59,HIT,q2:zona_id=Z4&confidence_min=0.7,0.0005
2026-05-31 20:57:59,HIT,q1:zona_id=Z5&confidence_min=0.6,0.0007
2026-05-31 20:57:59,HIT,q1:zona_id=Z2&confidence_min=0.6,0.0005
2026-05-31 20:57:59,HIT,q3:zona_id=Z5,0.0007
2026-05-31 20:57:59,HIT,q2:zona_id=Z5&confidence_min=0.7,0.0015
2026-05-31 20:57:59,HIT,q2:zona_id=Z2&confidence_min=0.7,0.0012
2026-05-31 20:57:59,HIT,q2:zona_id=Z2&confidence_min=0.7,0.0006
2026-05-31 20:57:59,HIT,q5:zona_id=Z5&bins=5,0.0006
2026-05-31 20:58:01,HIT,q1:zona_id=Z2&confidence_min=0.6,0.0007
2026-05-31 20:58:01,HIT,q2:zona_id=Z1&confidence_min=0.7,0.0010
2026-05-31 20:58:01,HIT,q5:zona_id=Z4&bins=5,0.0012
2026-05-31 20:58:01,MISS,q1:zona_id=Z1&confidence_min=0.6,0.0225
2026-05-31 20:58:03,MISS,q3:zona_id=Z1,0.0097
2026-05-31 20:58:04,MISS,q1:zona_id=Z2&confidence_min=0.6,0.0110
2026-05-31 20:58:04,HIT,q5:zona_id=Z1&bins=5,0.0010
2026-05-31 20:58:04,HIT,q3:zona_id=Z5,0.0005
2026-05-31 20:58:04,HIT,q1:zona_id=Z1&confidence_min=0.6,0.0006
2026-05-31 20:58:04,HIT,q1:zona_id=Z1&confidence_min=0.6,0.0007
2026-05-31 20:58:04,HIT,q1:zona_id=Z1&confidence_min=0.6,0.0009
2026-05-31 20:58:05,MISS,q2:zona_id=Z4&confidence_min=0.7,0.0290
2026-05-31 20:58:05,HIT,q3:zona_id=Z4,0.0009
2026-05-31 20:58:05,HIT,q1:zona_id=Z1&confidence_min=0.6,0.0011
2026-05-31 20:58:05,HIT,q1:zona_id=Z1&confidence_min=0.6,0.0005
2026-05-31 20:58:05,HIT,q2:zona_id=Z5&confidence_min=0.7,0.0007
2026-05-31 20:58:07,HIT,q1:zona_id=Z1&confidence_min=0.6,0.0005
2026-05-31 20:58:07,HIT,q2:zona_id=Z1&confidence_min=0.7,0.0012
2026-05-31 20:58:07,MISS,q2:zona_id=Z3&confidence_min=0.7,0.0289
2026-05-31 20:58:07,HIT,q1:zona_id=Z1&confidence_min=0.6,0.0006
2026-05-31 20:58:07,HIT,q2:zona_id=Z5&confidence_min=0.7,0.0004
2026-05-31 20:58:07,HIT,q2:zona_id=Z1&confidence_min=0.7,0.0006
2026-05-31 20:58:07,MISS,q2:zona_id=Z2&confidence_min=0.7,0.0151
2026-05-31 20:58:07,HIT,q4:zona_a=Z1&zona_b=Z1,0.0005
2026-05-31 20:58:08,HIT,q5:zona_id=Z1&bins=5,0.0006
2026-05-31 20:58:08,HIT,q1:zona_id=Z1&confidence_min=0.6,0.0006
2026-05-31 20:58:09,HIT,q2:zona_id=Z1&confidence_min=0.7,0.0040
2026-05-31 20:58:10,HIT,q5:zona_id=Z1&bins=5,0.0008
2026-05-31 20:58:10,HIT,q1:zona_id=Z1&confidence_min=0.6,0.0005
2026-05-31 20:58:10,HIT,q1:zona_id=Z1&confidence_min=0.6,0.0007
2026-05-31 20:58:10,HIT,q3:zona_id=Z1,0.0019
2026-05-31 20:58:10,HIT,q2:zona_id=Z1&confidence_min=0.7,0.0007
2026-05-31 20:58:10,HIT,q2:zona_id=Z5&confidence_min=0.7,0.0008
2026-05-31 20:58:11,HIT,q1:zona_id=Z1&confidence_min=0.6,0.0008
2026-05-31 20:58:11,HIT,q1:zona_id=Z1&confidence_min=0.6,0.0015
2026-05-31 20:58:11,HIT,q2:zona_id=Z1&confidence_min=0.7,0.0011
2026-05-31 20:58:11,HIT,q3:zona_id=Z1,0.0008
2026-05-31 20:58:11,HIT,q5:zona_id=Z1&bins=5,0.0006
2026-05-31 20:58:11,HIT,q1:zona_id=Z1&confidence_min=0.6,0.0007
2026-05-31 20:58:11,HIT,q1:zona_id=Z1&confidence_min=0.6,0.0014
2026-05-31 20:58:11,HIT,q4:zona_a=Z1&zona_b=Z1,0.0006
2026-05-31 20:58:11,HIT,q1:zona_id=Z1&confidence_min=0.6,0.0008
2026-05-31 20:58:11,HIT,q2:zona_id=Z1&confidence_min=0.7,0.0008
2026-05-31 20:58:11,HIT,q3:zona_id=Z1,0.0010
2026-05-31 20:58:12,HIT,q1:zona_id=Z1&confidence_min=0.6,0.0006
2026-05-31 20:58:12,HIT,q1:zona_id=Z1&confidence_min=0.6,0.0008
2026-05-31 20:58:12,HIT,q3:zona_id=Z1,0.0028
2026-05-31 20:58:13,HIT,q1:zona_id=Z1&confidence_min=0.6,0.0005
2026-05-31 20:58:14,HIT,q1:zona_id=Z1&confidence_min=0.6,0.0006
2026-05-31 20:58:14,MISS,q5:zona_id=Z4&bins=5,0.0162
2026-05-31 20:58:14,HIT,q1:zona_id=Z1&confidence_min=0.6,0.0018
2026-05-31 20:58:14,HIT,q1:zona_id=Z1&confidence_min=0.6,0.0013
2026-05-31 20:58:14,MISS,q4:zona_a=Z3&zona_b=Z1,0.0288
2026-05-31 20:58:14,HIT,q1:zona_id=Z1&confidence_min=0.6,0.0007
2026-05-31 20:58:14,HIT,q1:zona_id=Z1&confidence_min=0.6,0.0004
2026-05-31 20:58:14,HIT,q3:zona_id=Z4,0.0013
2026-05-31 20:58:14,HIT,q1:zona_id=Z1&confidence_min=0.6,0.0005
2026-05-31 20:58:14,HIT,q2:zona_id=Z1&confidence_min=0.7,0.0010
2026-05-31 20:58:14,HIT,q2:zona_id=Z1&confidence_min=0.7,0.0007
2026-05-31 20:58:14,HIT,q2:zona_id=Z1&confidence_min=0.7,0.0006
2026-05-31 20:58:14,HIT,q1:zona_id=Z1&confidence_min=0.6,0.0007
2026-05-31 20:58:15,HIT,q1:zona_id=Z1&confidence_min=0.6,0.0007
2026-05-31 20:58:16,HIT,q3:zona_id=Z1,0.0010
2026-05-31 20:58:16,HIT,q1:zona_id=Z2&confidence_min=0.6,0.0006
2026-05-31 20:58:16,HIT,q1:zona_id=Z1&confidence_min=0.6,0.0010
2026-05-31 20:58:16,HIT,q3:zona_id=Z3,0.0005
2026-05-31 20:58:18,HIT,q1:zona_id=Z1&confidence_min=0.6,0.0005
2026-05-31 20:58:18,HIT,q1:zona_id=Z1&confidence_min=0.6,0.0008
2026-05-31 20:58:18,HIT,q1:zona_id=Z1&confidence_min=0.6,0.0005
2026-05-31 20:58:18,HIT,q2:zona_id=Z2&confidence_min=0.7,0.0007
2026-05-31 20:58:20,HIT,q2:zona_id=Z3&confidence_min=0.7,0.0006
2026-05-31 20:58:20,HIT,q1:zona_id=Z3&confidence_min=0.6,0.0006
2026-05-31 20:58:20,HIT,q1:zona_id=Z1&confidence_min=0.6,0.0015
2026-05-31 20:58:21,HIT,q1:zona_id=Z2&confidence_min=0.6,0.0007
2026-05-31 20:58:21,HIT,q1:zona_id=Z1&confidence_min=0.6,0.0006
2026-05-31 20:58:21,HIT,q1:zona_id=Z1&confidence_min=0.6,0.0010
2026-05-31 20:58:21,HIT,q2:zona_id=Z1&confidence_min=0.7,0.0006
2026-05-31 20:58:21,HIT,q3:zona_id=Z1,0.0013
2026-05-31 20:58:22,HIT,q3:zona_id=Z1,0.0004
2026-05-31 20:58:22,MISS,q5:zona_id=Z2&bins=5,0.0172
2026-05-31 20:58:23,HIT,q1:zona_id=Z1&confidence_min=0.6,0.0005
2026-05-31 20:58:23,MISS,q2:zona_id=Z1&confidence_min=0.7,0.0103
2026-05-31 20:58:23,MISS,q4:zona_a=Z1&zona_b=Z1,0.0190
2026-05-31 20:58:24,HIT,q4:zona_a=Z2&zona_b=Z1,0.0008
2026-05-31 20:58:25,HIT,q1:zona_id=Z2&confidence_min=0.6,0.0005
2026-05-31 20:58:25,HIT,q5:zona_id=Z4&bins=5,0.0005
2026-05-31 20:58:25,HIT,q5:zona_id=Z4&bins=5,0.0005
2026-05-31 20:58:25,MISS,q3:zona_id=Z2,0.0155
2026-05-31 20:58:25,MISS,q5:zona_id=Z1&bins=5,0.0137
2026-05-31 20:58:28,MISS,q4:zona_a=Z4&zona_b=Z1,0.0156
2026-05-31 20:58:28,HIT,q5:zona_id=Z1&bins=5,0.0006
2026-05-31 20:58:29,HIT,q5:zona_id=Z5&bins=5,0.0004
2026-05-31 20:58:29,HIT,q5:zona_id=Z4&bins=5,0.0008
2026-05-31 20:58:30,MISS,q3:zona_id=Z5,0.0152
2026-05-31 20:58:30,MISS,q5:zona_id=Z3&bins=5,0.0271
2026-05-31 20:58:31,HIT,q2:zona_id=Z2&confidence_min=0.7,0.0006
2026-05-31 20:58:31,HIT,q1:zona_id=Z4&confidence_min=0.6,0.0005
2026-05-31 20:58:31,HIT,q3:zona_id=Z5,0.0006
2026-05-31 20:58:31,HIT,q4:zona_a=Z4&zona_b=Z1,0.0007
2026-05-31 20:58:32,HIT,q1:zona_id=Z4&confidence_min=0.6,0.0007
2026-05-31 20:58:32,HIT,q3:zona_id=Z5,0.0005
2026-05-31 20:58:32,HIT,q1:zona_id=Z2&confidence_min=0.6,0.0005
2026-05-31 20:58:32,HIT,q1:zona_id=Z1&confidence_min=0.6,0.0007
2026-05-31 20:58:32,HIT,q1:zona_id=Z1&confidence_min=0.6,0.0005
2026-05-31 20:58:33,HIT,q3:zona_id=Z5,0.0004
2026-05-31 20:58:33,HIT,q1:zona_id=Z1&confidence_min=0.6,0.0005
2026-05-31 20:58:33,HIT,q3:zona_id=Z2,0.0010
2026-05-31 20:58:33,HIT,q3:zona_id=Z2,0.0006
2026-05-31 20:58:33,HIT,q5:zona_id=Z5&bins=5,0.0007
2026-05-31 20:58:33,HIT,q1:zona_id=Z1&confidence_min=0.6,0.0013
2026-05-31 20:58:34,HIT,q4:zona_a=Z1&zona_b=Z1,0.0006
2026-05-31 20:58:36,HIT,q5:zona_id=Z1&bins=5,0.0005
2026-05-31 20:58:36,HIT,q4:zona_a=Z1&zona_b=Z1,0.0004
2026-05-31 20:58:37,HIT,q3:zona_id=Z1,0.0007
2026-05-31 20:58:38,HIT,q1:zona_id=Z1&confidence_min=0.6,0.0006
2026-05-31 20:58:38,HIT,q3:zona_id=Z1,0.0010
2026-05-31 20:58:38,HIT,q4:zona_a=Z2&zona_b=Z1,0.0004
2026-05-31 20:58:39,HIT,q2:zona_id=Z3&confidence_min=0.7,0.0005
2026-05-31 20:58:39,HIT,q4:zona_a=Z3&zona_b=Z1,0.0006
2026-05-31 20:58:39,HIT,q3:zona_id=Z5,0.0004
2026-05-31 20:58:39,HIT,q3:zona_id=Z3,0.0006
2026-05-31 20:58:40,MISS,q3:zona_id=Z4,0.0144
2026-05-31 20:58:40,HIT,q2:zona_id=Z5&confidence_min=0.7,0.0007
2026-05-31 20:58:40,HIT,q5:zona_id=Z4&bins=5,0.0006
2026-05-31 20:58:40,HIT,q1:zona_id=Z1&confidence_min=0.6,0.0010
2026-05-31 20:58:40,HIT,q4:zona_a=Z4&zona_b=Z1,0.0006
2026-05-31 20:58:41,HIT,q2:zona_id=Z1&confidence_min=0.7,0.0007
2026-05-31 20:58:41,HIT,q1:zona_id=Z1&confidence_min=0.6,0.0010
2026-05-31 20:58:42,HIT,q1:zona_id=Z1&confidence_min=0.6,0.0005
2026-05-31 20:58:42,HIT,q5:zona_id=Z1&bins=5,0.0008
2026-05-31 20:58:42,HIT,q4:zona_a=Z1&zona_b=Z1,0.0005
2026-05-31 20:58:42,HIT,q4:zona_a=Z2&zona_b=Z1,0.0008
2026-05-31 20:58:42,MISS,q1:zona_id=Z3&confidence_min=0.6,0.0160
2026-05-31 20:58:42,HIT,q2:zona_id=Z1&confidence_min=0.7,0.0009
2026-05-31 20:58:42,HIT,q5:zona_id=Z1&bins=5,0.0007
2026-05-31 20:58:42,HIT,q1:zona_id=Z1&confidence_min=0.6,0.0015
2026-05-31 20:58:42,HIT,q2:zona_id=Z1&confidence_min=0.7,0.0012
2026-05-31 20:58:42,HIT,q2:zona_id=Z2&confidence_min=0.7,0.0006
2026-05-31 20:58:42,HIT,q2:zona_id=Z2&confidence_min=0.7,0.0006
2026-05-31 20:58:42,HIT,q2:zona_id=Z1&confidence_min=0.7,0.0004
2026-05-31 20:58:42,HIT,q2:zona_id=Z1&confidence_min=0.7,0.0005
2026-05-31 20:58:42,HIT,q2:zona_id=Z1&confidence_min=0.7,0.0005
2026-05-31 20:58:43,HIT,q1:zona_id=Z3&confidence_min=0.6,0.0006
2026-05-31 20:58:44,HIT,q1:zona_id=Z2&confidence_min=0.6,0.0007
2026-05-31 20:58:45,HIT,q2:zona_id=Z2&confidence_min=0.7,0.0005
2026-05-31 20:58:46,MISS,q4:zona_a=Z5&zona_b=Z1,0.0278
2026-05-31 20:58:47,HIT,q5:zona_id=Z1&bins=5,0.0004
2026-05-31 20:58:49,HIT,q3:zona_id=Z1,0.0006
2026-05-31 20:58:49,HIT,q1:zona_id=Z1&confidence_min=0.6,0.0007
2026-05-31 20:58:49,HIT,q3:zona_id=Z1,0.0005
2026-05-31 20:58:51,HIT,q4:zona_a=Z4&zona_b=Z1,0.0005
2026-05-31 20:58:51,HIT,q5:zona_id=Z5&bins=5,0.0004
2026-05-31 20:58:51,HIT,q5:zona_id=Z4&bins=5,0.0009
2026-05-31 20:58:51,HIT,q1:zona_id=Z2&confidence_min=0.6,0.0006
2026-05-31 20:58:52,HIT,q5:zona_id=Z3&bins=5,0.0007
2026-05-31 20:58:53,HIT,q3:zona_id=Z2,0.0011
2026-05-31 20:58:53,HIT,q2:zona_id=Z1&confidence_min=0.7,0.0004
2026-05-31 20:58:53,HIT,q5:zona_id=Z3&bins=5,0.0005
2026-05-31 20:58:53,HIT,q3:zona_id=Z2,0.0006
2026-05-31 20:58:53,HIT,q4:zona_a=Z1&zona_b=Z1,0.0006
2026-05-31 20:58:53,HIT,q2:zona_id=Z2&confidence_min=0.7,0.0013
2026-05-31 20:58:53,HIT,q1:zona_id=Z1&confidence_min=0.6,0.0004
2026-05-31 20:58:54,HIT,q5:zona_id=Z4&bins=5,0.0012
2026-05-31 20:58:54,HIT,q5:zona_id=Z3&bins=5,0.0017
2026-05-31 20:58:54,HIT,q2:zona_id=Z3&confidence_min=0.7,0.0012
2026-05-31 20:58:55,HIT,q1:zona_id=Z1&confidence_min=0.6,0.0004
2026-05-31 20:58:55,HIT,q3:zona_id=Z1,0.0006
2026-05-31 20:58:55,HIT,q1:zona_id=Z1&confidence_min=0.6,0.0005
2026-05-31 20:58:56,HIT,q1:zona_id=Z1&confidence_min=0.6,0.0005
2026-05-31 20:58:56,HIT,q2:zona_id=Z1&confidence_min=0.7,0.0013
2026-05-31 20:58:57,HIT,q1:zona_id=Z1&confidence_min=0.6,0.0004
2026-05-31 20:58:57,HIT,q1:zona_id=Z3&confidence_min=0.6,0.0006
2026-05-31 20:58:58,HIT,q5:zona_id=Z2&bins=5,0.0005
2026-05-31 20:58:58,HIT,q3:zona_id=Z1,0.0008
2026-05-31 20:58:58,HIT,q3:zona_id=Z1,0.0011
2026-05-31 20:58:59,HIT,q1:zona_id=Z1&confidence_min=0.6,0.0009
2026-05-31 20:58:59,HIT,q2:zona_id=Z1&confidence_min=0.7,0.0014
2026-05-31 20:58:59,HIT,q1:zona_id=Z1&confidence_min=0.6,0.0008
2026-05-31 20:58:59,HIT,q2:zona_id=Z1&confidence_min=0.7,0.0006
2026-05-31 20:59:00,HIT,q1:zona_id=Z1&confidence_min=0.6,0.0005
2026-05-31 20:59:00,HIT,q4:zona_a=Z1&zona_b=Z1,0.0019
2026-05-31 20:59:01,HIT,q4:zona_a=Z5&zona_b=Z1,0.0004
2026-05-31 20:59:01,HIT,q4:zona_a=Z3&zona_b=Z1,0.0004
2026-05-31 20:59:01,MISS,q1:zona_id=Z1&confidence_min=0.6,0.0149
2026-05-31 20:59:02,HIT,q5:zona_id=Z2&bins=5,0.0005
2026-05-31 20:59:02,MISS,q2:zona_id=Z5&confidence_min=0.7,0.0131
2026-05-31 20:59:02,HIT,q5:zona_id=Z4&bins=5,0.0005
2026-05-31 20:59:02,HIT,q5:zona_id=Z3&bins=5,0.0009
2026-05-31 20:59:02,HIT,q3:zona_id=Z1,0.0008
2026-05-31 20:59:02,HIT,q1:zona_id=Z1&confidence_min=0.6,0.0006
2026-05-31 20:59:02,HIT,q1:zona_id=Z1&confidence_min=0.6,0.0009
2026-05-31 20:59:02,HIT,q1:zona_id=Z1&confidence_min=0.6,0.0005
2026-05-31 20:59:02,HIT,q1:zona_id=Z1&confidence_min=0.6,0.0016
2026-05-31 20:59:02,HIT,q3:zona_id=Z4,0.0009
2026-05-31 20:59:02,MISS,q4:zona_a=Z2&zona_b=Z1,0.0147
2026-05-31 20:59:02,HIT,q4:zona_a=Z2&zona_b=Z1,0.0017
2026-05-31 20:59:02,HIT,q2:zona_id=Z1&confidence_min=0.7,0.0007
2026-05-31 20:59:02,HIT,q1:zona_id=Z1&confidence_min=0.6,0.0005
2026-05-31 20:59:02,MISS,q1:zona_id=Z4&confidence_min=0.6,0.0120
2026-05-31 20:59:02,HIT,q2:zona_id=Z5&confidence_min=0.7,0.0005
2026-05-31 20:59:02,MISS,q5:zona_id=Z5&bins=5,0.0105
2026-05-31 20:59:02,HIT,q1:zona_id=Z1&confidence_min=0.6,0.0010
2026-05-31 20:59:02,HIT,q2:zona_id=Z1&confidence_min=0.7,0.0004
2026-05-31 20:59:02,HIT,q1:zona_id=Z1&confidence_min=0.6,0.0075
2026-05-31 20:59:03,HIT,q3:zona_id=Z1,0.0016
2026-05-31 20:59:03,HIT,q5:zona_id=Z4&bins=5,0.0007
2026-05-31 20:59:03,HIT,q3:zona_id=Z2,0.0005
2026-05-31 20:59:03,HIT,q3:zona_id=Z2,0.0004
2026-05-31 20:59:03,HIT,q4:zona_a=Z1&zona_b=Z1,0.0007
2026-05-31 20:59:03,HIT,q3:zona_id=Z5,0.0007
2026-05-31 20:59:03,HIT,q1:zona_id=Z1&confidence_min=0.6,0.0015
2026-05-31 20:59:04,HIT,q4:zona_a=Z1&zona_b=Z1,0.0014
2026-05-31 20:59:04,HIT,q2:zona_id=Z1&confidence_min=0.7,0.0010
2026-05-31 20:59:04,HIT,q5:zona_id=Z5&bins=5,0.0010
2026-05-31 20:59:04,HIT,q1:zona_id=Z1&confidence_min=0.6,0.0009
